threadsLectura,threadsMaximo,cantArchivos,TIEMPO_MAX,TIEMPO_CARGAR,EXPERIMENTO
1,1,1,0.1305175,35.14915,5
1,2,1,0.10166800000000001,34.819900000000004,5
1,3,1,0.113504,35.26265,5
1,4,1,0.137348,35.2393,5
1,5,1,0.1723885,35.291,5
1,6,1,0.198544,35.5753,5
1,7,1,0.2225985,34.92645,5
1,8,1,0.243606,36.0111,5
