threadsLectura,threadsMaximo,cantArchivos,TIEMPO_MAX,TIEMPO_CARGAR,EXPERIMENTO
1,1,1,0.1297205,14.6569,5
1,2,1,0.120954,15.95925,5
1,4,1,0.1748595,14.40695,5
1,8,1,0.27669699999999997,15.0661,5
